username,photosCount,commentsCount,likesCount
"someartstories",7,0,1
"societaumanitaria",14,24,2
"elybetty",4,8,1
"ab_alessia_",9,2,6
"eliananegroni",5,0,1
"nivesandmina",1,2,1
"itineraribs",1,0,1
"ienatessi",2,0,1
"federica_thomas0609",1,0,5
"antonio199302",3,0,1
"ale__cec",1,0,1
"eggfooddesign",9,0,1
"simonascarioni",8,2,1
"beatricerossi_",1,0,3
"riccardofiesoli",1,0,4
"meggy298",6,0,2
"rizzorosetta",5,21,9
"creativeaty",2,0,9
"eleonora_aa",3,0,1
"zueggitalia",1,0,1
"irenebollasina",3,0,11
"pratesipatrizia",1,0,1
"laribo",25,1,1
"nicoagresti",41,0,17
"jacmcdan",1,0,1
"armiarri",4,0,1
"valelove87",6,0,5
"silvia_ardu",4,1,1
"deboracappello",28,0,7
"samaritanacafe",8,0,70
"marta_sm_it",5,0,4
"giuly2191",1,0,12
"redellasfoglia",1,0,1
"domyrhcp",17,0,1
"valerialorusso",16,0,2
"i_camperisti",16,0,3
"rigonidiasiago",1,0,6
"susannagullo",1,0,2
"vale3001",18,0,16
"brasilenacaffe",4,0,1
"sophieblabla",4,0,1
"stevan_ra",3,0,1
"senzale",2,0,2
"eli_moro",1,0,2
"sara.micheletto",4,0,4
"robertaballirano",1,0,5
"antonio1810",2,0,7
"isabella_sodamkim",1,0,12
"pastryskathyb",9,0,1
"elesalerno",1,0,2
"gustasano.it",4,0,7
"dariocosta93",16,0,1
"giulia_toy",2,3,1
"vincenzodl91",3,0,2
"ristorante_dinky",17,0,17
"valevono",6,1,2
"atypical_milano",8,0,1
"xsenijas",4,0,5
"luvisilvia",3,0,1
"zahirailoveyou",2,0,2
"rachelecattano",1,0,15
"idaysivas",10,0,8
"giorgiacapriglia",4,0,6
"ericadinny",3,0,1
"darkmoonlight_98",1,0,6
"_mp_93",44,25,11
"lelaperez",2,3,2
"sofiabeccia",1,0,2
"memolemem",25,1,11
"luca.cofrancesco",1,0,2
"mmagenes",2,0,1
"she.is.shy",5,0,12
"esterdrag0ni",1,0,1
"federovati",2,0,5
"vero_97b",1,0,1
"franci_belve",2,0,1
"cahmantovani",92,46,25
"buchvega",9,0,43
"cucinama",8,0,23
"mtchallenge",1,0,1
"ferreraortofrutta",1,0,1
"nomnomqb",38,0,8
"olga_mark",12,0,2
"doriana_fitenutrition",31,0,16
"aycakocak",9,0,3
"aiznic14",1,0,2
"anannaranna",3,1,29
"doppiozerolab",3,0,13
"la_bonati",69,17,13
"yesmoreplease",8,0,15
"myhealthymood",20,4,10
"carol_franzosi",31,0,33
"biscottoclandestino",7,0,16
"femarconif",1,0,2
"stefatamian",10,0,38
"profumieparole",3,0,2
"daicuciniamo_conlaiaia",42,5,265
"alessiazoccari",1,0,2
"locanda2camini",34,1,25
"queenofmydreams",1,0,169
"threeloads",12,0,3
"zomaservice",1,0,2
"_clari3",3,0,11
"biancasacheli",6,0,16
"angolodelleghiottonerie",133,99,200
"marcobrambi",22,0,386
"fraliuz",7,0,54
"anjamarsic",7,0,1
"rosarosebistrot",24,21,54
"eugenio_loreti",3,0,1
"carlo_cp",11,0,2
"vibebags",6,0,14
"marcorecorder",11,0,7
"animalsb11",3,0,1
"silvanamigliozzi",21,0,7
"marcoluvie",1,0,1
"adelececchini",34,0,5
"deb_ontheroad",1,0,1
"brododigiuggiolee",28,0,23
"alicegelfi",1,0,5
"aliceultreia",1,0,2
"whiteandromance",3,0,73
"mamacreazioni",9,0,21
"mypluginbaby89",1,0,1
"elisamelandri",9,0,3
"gvannapagano",1,0,3
"_lajules_instagram",1,0,1
"ypsilon.m",5,0,1
"lorizar",3,0,6
"lovecooking_",9,1,26
"impastastorie",284,260,365
"alylilli",6,0,25
"alicedanini1994",4,0,2
"chiaraber",2,0,3
"afuocolento",3,0,11
"_fed.pascali",1,0,6
"piattiperstudentiincrisi",1,0,8
"mariachiaradenicolo",1,0,6
"romeexpress",18,8,17
"alice_devincentiis",1,0,21
"mpaola77",19,10,262
"martiiitram",9,0,5
"eyem360",7,0,1
"lacuisinedebea",3,0,13
"leti_campa98",4,0,7
"silvialarosa",1,0,11
"gli_speziali",21,0,1
"noemivallarelli_",13,0,2
"maciraviz",13,2,4
"arnaldagourmet",1,0,1
"orodioriale",7,0,72
"c_h_r_i_s_t_i_a_n_",5,2,19
"pe_pino",5,0,15
"laportineria",43,0,32
"ilesabetta",3,0,1
"valerycosty",17,0,16
"superombrina",15,0,5
"danielem1206",12,0,22
"chiaraambrosetti",4,0,8
"biancavaniglia",59,24,35
"alix_driver85",5,0,23
"alessiobrandoni",5,0,2
"emarosss",7,0,1
"italianhealthychoices",12,114,16
"toga93",1,2,10
"giuliagorla",5,1,96
"luisabel_style",5,0,18
"vale_p20",2,7,5
"little_einstein",8,0,1
"giadifabbri",7,4,4
"giuseppetiloca",2,0,9
"annybaggins",1,0,1
"maryforsemple",1,0,2
"giuliamuzio",44,0,42
"pirasrachele",49,0,50
"chiaramarti",10,0,5
"silvia_festa",10,0,1
"rosyfive",9,25,12
"petit_patisserie_",24,158,617
"marimapucci",3,0,15
"elilaffra",1,0,82
"geme2698",6,0,18
"thebigmessedupmum",11,2,513
"antonio.colasanto",4,0,128
"reginellagambato",3,0,2
"ambrocarlo",18,0,33
"sweetsabbysweet",2,0,5
"tarok89",3,0,1
"fatmataslakmalkoc924",4,0,3
"michiadp",5,0,1
"ninni_123",19,21,8
"amicincucina",6,0,201
"mariros89",3,0,12
"panigadazone",1,1,16
"gabriellainsana",65,3,18
"cinziaemma",32,0,22
"rikirandi",9,10,59
"mary_micucinounlibro",10,2,24
"zuccheroezenzero",2,0,62
"yourveggiepornography",91,0,92
"alyfin",1,0,15
"intermezzominicatering",7,0,5
"food_a_porter",1,0,4
"cristian_musella",15,0,18
"silviabarcaroli",25,0,2
"dolciricette",1,0,2
"sofy_mos",24,0,7
"hoppipolla83",8,0,69
"paolaonthemoon",2,0,6
"chrispolly69",26,0,17
"coopairport",2,0,4
"lareginarossa",1,0,3
"pepitepertutti",9,2,57
"monioneinamillion",11,3,19
"mysecretroom_it",6,0,15
"agriturismobelsit",4,0,6
"mapylesuericette_",37,1,44
"stefinagi",1,2,250
"olioextravergin",113,1,135
"tacchiepentole",4,1,191
"micromacro_food",3,1,60
"cheeselovespepper",2,1,112
"murgeintavola",11,1,337
"tupus59",10,3,44
"nino_testa",156,7,151
"coconutavocado",3,10,0
"cucinalibriegatti",5,1,220
"l_inthekitchen",24,1,26
"silvia_cortinovis",6,1,99
"clairetosee",3,1,0
"elenaoricelli_",1,2,0
"ilary96cordar",5,3,22
"bellaisa71",16,2,8
"hakunamatata55",26,3,0
"antonella_labita",1,1,0
"biancolavanda",14,47,29
"marziairis",1,1,0
"ariannamartinotti",58,7,53
"nenesunshine",7,1,3
"miryaelisabeth",6,2,40
"good_food_lab",7,10,26
"food2taste",65,12,41
"botanica_lab",2,6,83
"mariag_inst",6,2,0
"iamtessale",2,6,3
"angelafonzio",18,4,13
"fabriziascorzo",42,4,41
"giupi_igiagi_fitandfun",7,6,8
"rrang_kim",29,4,44
"laviadelgusto",7,19,2
"beautyfoodgeek",28,29,36
"agatapiu",32,3,3
"andrealunachef",26,1,64
"simona_990",44,7,8
"callegaroalessia",115,2,28
"thepennydropped",3,6,10
"gianina.rose",3,6,68
"recettedubonheur",34,3,45
"laangie",6,10,12
"aitecch",26,8,54
"chiccadoc",1,13,96
"andreina.f",5,2,2
"marcello_attanasio",6,31,71
"fujitsu_nakamura",2,2,3
"zuccheroinvaligia",7,2,3
"pupa17",12,79,3
"wendy_charliebanana",9,5,5
"mamma_gy",105,82,223
"mariroseph",144,29,23
"lamiacasashabby",51,60,101
"tery1717",4,5,7
"giadiins",26,3,465
"sbubi87",9,3,11
"matteomartini_",16,1,21
"thea7",135,14,27
"ali_capoferri",53,47,51
"elna75it",2,1,45
"lavinia_porrello",7,1,68
"federicabuccoli",52,28,88
"ilpandizenzero",2,16,118
"iridea13",1,1,1
"silvianagliati",167,20,21
"silcre",7,25,26
"noras_world_",14,16,1
"annamoru",78,246,145
"camilla_brandi",2,3,0
"panifici_bocconcino",28,6,23
"kitchenelly",46,1,37
"avitel54",2,1,26
"matticaste_",1,1,2
"firstxy",1,1,0
"marzia.ambra",2,4,20
"marikasavini",57,36,29
"roberta_cardoni",11,12,203
"depasqui",44,37,66
"annick_thiele",112,46,133
"adaywithv",5,1,6
"vale_lovis",10,10,21
"ricettemagiche",30,16,50
"cook_eat_love",77,24,115
"monolocaledelgusto",208,18,86
"christiancarta",26,25,56
"rachele_landini",21,14,234
"marta_monachino",31,47,14
"alice_eilbianconiglio",6,9,23
"altro_bologna",21,13,67
"ficoeuva",8,25,30
"gastronomiadaemilio",2,2,9
"somethingaboutilo",34,9,55
"mggelisa",1,1,0
"cuocaxamore",29,53,87
"lalunasulcucchiaio",9,22,585
"cirus",8,38,43
"bozz_m",56,20,11
"coluco",84,3,24
"1popi2",20,44,92
"phil_sonow",60,14,46
"ioconmiofiglio",5,7,48
"msbunbury",2,2,19
"renatamarini55",22,4,182
"destinationshopping",10,3,8
"quantomanca",1,1,0
"cucinaearmonia",43,38,237
"silvia_parma",2,3,61
"andreacarlolonati",1,1,79
"_ilazan_",8,8,7
"letiziavanelli",3,5,8
"profcri",3,1,4
"la_greg74",15,27,16
"federicchiog7",13,2,2
"cataldorossella",8,1,129
"giardiniepasticcini",37,34,290
"d_ariab",28,8,28
"federicatj",29,13,590
"aricciolina",15,22,16
"lapulcetraifornelli",13,1,48
"gaya_ga",9,1,31
"lablondeenfarinee",13,5,54
"sereabba",20,2,77
"mo_perrucci",13,21,13
"closetteblog",3,11,34
"elisappunti",11,1,244
"sara_giovi",1,2,0
"elapassionecucina",24,12,291
"babiassi",1,2,6
"lu_firovi",38,126,439
"lacasadellebriciole",41,134,448
"diegodidonato",4,1,2
"mcvill",26,1,1
"frapoli94",11,2,90
"gr_photo",7,6,2
"amisuradibimbo",17,1,14
"angelamanna1",12,25,104
"marygracegrace",10,1,16
"simopellez",21,5,8
"silviettaqb",3,1,116
"smilebeautyandmore",1,20,15
"ricetteracconti",3,2,26
"traccediseppia",4,9,46
"davigold",22,5,8
"expo2015milano",21,3,268
"martastreet",43,7,63
"daniela_corti",20,23,103
"cecialiann",25,6,29
"ellerrenne",7,1,15
"luigi_marangolo",52,160,232
"ele_21",68,63,135
"elebre82",77,7,56
"chocolateballroom",23,1,168
"chiara_mente92",69,46,176
"citymanu",4,63,133
"erikamaggi14",9,4,8
"manu_sco21",1,1,0
"fatavinnie",36,1,395
"gaia_fx",3,3,0
"vitasumarte_g",8,64,204
"dinnerinprogress",25,30,280
"lalessiuccia",6,3,271
"lalucanaincucina",57,32,376
"yourexpo2015",109,43,3305
"olgus_designs",21,46,32
"benegigi",6,4,88
"__mariachiara1_",26,278,224
"mariarosapalmi",35,2,75
"vanessaegia",5,3,0
"lucia_basile_jr",9,1,141
"stearte",8,4,136
"tizzia",22,54,28
"fediciabi",69,9,22
"giuliana_chiocchetti",7,1,1
"mayazetaci",34,218,585
"otis10782mi",4,2,83
"limoncina",6,8,7
"sundaymorninglight",56,24,53
"liciasangermano",88,14,344
"bchatelle",7,2,7
"stefscakes",22,3,1139
"alessandramannelli",80,411,93
"valevalefranci",129,66,0
"dietistapiovanelli",36,14,5
"katyafp",4,14,192
"tittagianni.gt",1,7,170
"flavide",1,1,0
"mariamayabosco",4,2,15
"fenice_mp",31,8,31
"anna_indreamland",13,15,89
"valentinivillage",35,40,282
"enricopara28",2,9,35
"chiarapassion",4,3,39
"headlesschickblog",112,62,109
"ziggyinthekitchen",23,2,64
"marilenafra",28,1,315
"timoebasilico",127,736,355
"astabea",36,63,259
"chiediloalladani",1,4,12
"rosssunshine",4,0,7
"danieba85",2,0,7
"sarahliberman",53,0,65
"cooplovescolors",3,0,5
"melonespaziale",4,0,109
"sognotrentino",16,0,2
"renataterzaghi",2,0,2
"lety.80",2,0,1
"alessia11asia",2,0,0
"ettamason",1,0,0
"elita_90",1,0,0
"la_ellis",1,0,0
"saku.ciliegina",1,0,11
"lo_juan",2,0,7
"cookingathomeindubai",14,0,13
"marikarinaldi98",5,0,35
"chiarafrancioli",13,0,7
"laraparossa",9,0,2
"ecrinmutfakda",1,0,4
"alinaldo",8,0,1
"elisaevangelisti",4,0,15
"myhoming",25,0,4
"honey_laurina",2,0,1
"elizabethjulieshanti",1,0,32
"annagio_expo2015",4,0,10
"appuntigolosi",4,0,4
"sullagodelramo",4,0,4
"ilavviola",4,0,238
"agnesgullotta",1,0,134
"heyitsmechiara",8,0,6
"annylees",13,0,20
"yannbros",4,0,26
"fattoincasaepiubuono",11,0,217
"aletamberi",1,0,11
"castellodegliangeli",5,0,1
"saradossena",8,0,2
"lamascaincucina",11,0,3
"eazytable",5,0,13
"crivismi",13,0,277
"dilorenzomartina",1,0,2
"venera_neri",1,0,1
"clindina",28,0,39
"leonardopirolozzi",8,0,6
"winedrop",8,0,17
"val3ria85",7,0,39
"beleggiadavid",2,0,1
"simo2121",2,0,5
"food.4all",18,0,3
"ristorante_alpesciolino",7,0,74
"robertarex",1,0,5
"raviolificioloscoiattolo",3,0,10
"antonioilnero",1,0,7
"original_marin",2,0,21
"giomercadante",4,0,1
"antoleosanta",1,0,23
"giuliagattiglia",1,0,2
"ho.una.galassia.nell.armadio",13,0,33
"thejasminegarden",2,0,13
"ceschinab",1,0,1
"camillasfood",12,0,85
"andrew_frizz",15,0,10
"blubrunella",1,0,13
"wow_tdv",2,0,1
"annaguerisoli",9,0,18
"robonica1",2,0,1
"mariaes_",6,0,1
"ricetteesegreti",15,0,11
"rosannadercole",8,0,58
"alyha83",1,0,3
"_maryclare__",174,0,165
"pastaaddict",10,0,29
"foodallergies_diary",1,0,7
"artusiromastayhungrystaygreen",7,0,10
"pracca20",24,0,43
"mg_malvy",8,0,18
"stefanopagliucaphotography",14,0,48
"vismavera",5,0,2
"robertamorasco",2,0,11
"puckfolletto",1,0,4
"secretkitchenclub",2,0,14
"ma13hima",1,0,10
"ristorantedarino",1,0,12
"poppyandlemonfood",2,0,1
"doublespiral",20,0,18
"matteo_meloni1986",2,0,1
"roberta.dellapepa",1,0,8
"tabata64",12,0,21
"camy326",1,0,21
"ilmondomangia",12,0,19
"marinasarro",6,0,10
"claudiamalva",2,0,17
"inside_blast1978",1,0,10
"giorgia_zoe_f",18,0,21
"giovannagullo83",20,0,24
"federica_bw",5,0,1
"giromangiandocatania",3,0,8
"stefilabocci",2,0,7
"sarazanga",6,0,13
"annapiapizzulli",2,0,11
"idinaz",1,0,2
"carm.lyta",9,0,139
"panevinoblog",19,0,51
"rgenghi",1,0,8
"doyku",60,0,8
"gianpaolo_lantermo",14,0,4
"aleloi28",7,0,1
"lu_geremy",3,0,4
"maracaumo",1,0,3
"sillaguerrini",3,0,10
"galleria33",1,0,3
"silviapranteddu",1,0,4
"mondodiangelina",25,0,3
"pastaisanniti",5,0,8
"dolceileana",25,0,398
"paola83princess",2,0,6
"catee76",9,0,32
"ale_crisafulli89",1,0,1
"unafiabaincucina",35,0,76
"sarab.xx",1,0,3
"lall3smile",54,0,10
"giulicavazzoli",2,0,2
"sabridefri",3,0,1
"zonca65",2,0,9
"saracroveri",3,0,1
"aliceinmadsland",2,0,41
"marcoguerreroleon",147,0,1
"michelaschj",12,0,10
"ieronuccia",5,0,7
"elyfelis",11,0,3
"marycarry",1,0,11
"incucinaconpijou",31,0,35
"_ellieen",1,0,24
"areatraduzioni",1,0,1
"polmargo",2,0,3
"sandrozym",2,0,5
"aston94",6,0,4
"dada_gr",1,0,8
"weareatlove",4,0,3
"fededv91",46,0,229
"pamela_panpepato",8,0,46
"francook32",3,0,3
"catecanal",1,0,2
"balanzonepuntocom",7,0,23
"ph0t0lex",2,0,95
"alice_morelli",7,0,10
"taste.and.shake",41,0,151
"miriam.crivelli",4,0,12
"lucia_trt",8,0,8
"extravirginshop",9,0,28
"martinamilani",4,0,1
"alessiomap",3,0,11
"i_piatti_di_angy_e_laura",1,0,134
"noe_g_92",2,0,2
"cappuccinoecornetto",44,0,58
"lamiacucinarossa",1,0,2
"ralph.geerts",3,0,2
"fratravel",16,0,9
"manuelabonfiglio",1,0,5
"donatofuscovisualartist",4,0,10
"thefarmersit",2,0,27
"veronicareda",8,0,2
"alola70",1,0,30
"giannicavola",6,0,6
"killingsnobbery",4,0,2
"eletambini",2,0,2
"mpaderi",18,0,16
"martacusci",4,0,9
"zucchero.zenzero",4,0,35
"turismocinese",1,0,22
"belsdmotta",7,0,2
"smellofdaisies",2,0,6
"dmcreativeventi",9,0,8
"laura_pavesi",10,0,2
"italianstylebnb",46,0,22
"samuelevisotti",6,0,4
"enrica_pranteddu",5,0,5
"gianina_rose",3,0,43
"oleandraval",1,0,2
"turrins_",1,0,2
"rafenat_star",4,0,8
"l__ersy__l",7,0,8
"alebiondelli",22,0,41
"pastiscucina",13,0,8
"millymurabito",5,0,7
"_modo_",1,0,5
"lagonzi",2,0,25
"erimask",1,0,4
"giumalex",5,0,13
"giulivassena",4,0,8
"alfonsinadellarocca",5,0,10
"maddalenagoi_foto",3,0,10
"dani_misu",18,0,158
"bigodino_it",1,0,12
"jedilord84",6,0,29
"cristinanolli",2,0,568
"martacolbix",3,0,5
"ilaria.pitlane",148,0,66
"ilovecookingathome",25,0,80
"laollo",12,0,7
"infra_fb",3,0,15
"giorgiobassani",3,0,11
"albacro",2,0,2
"sara.tes",9,0,20
"serenaselva",14,0,10
"enricotamburini",2,0,26
"dapaoletta",1,0,1
"fabiogallina1973",1,0,3
"ghendalf",2,0,2
"marcoppes",5,0,2
"davideguery",5,0,6
"forn_sant_francesc",1,0,47
"nenathewayiam",33,0,43
"gaialagaia",8,0,27
"lacucinadiema",2,0,85
"mblacks",3,0,3
"ileanstavilla",4,0,1
"francigari",1,0,7
"heart_of_strawberry",1,0,19
"giorgio_galimberti",6,0,8
"raviolifattiamano",2,0,79
"alicegriva",22,0,155
"claubaro",15,0,33
"serpeppe",28,0,14
"_.anna.g_",3,0,71
"sirianagiusti",7,0,8
"edoardoborelli",1,0,1
"nancy_gabs",12,0,2
"debby.lo",1,0,1
"gabriellemic",52,0,1
"winophy",2,0,11
"darumatabadul",1,0,5
"gaietmag",3,0,9
"giorgioporri71",2,0,3
"cappuccinoaddicted",3,0,95
"giacomo_fedeli",4,0,10
"erikaporte",4,0,15
"rossovermiglio75",1,0,7
"caffefloriamrestaurant",48,0,1
"michichurch",3,0,1
"zarinaotorres",3,0,15
"gianmarcodp",1,0,4
"saragenghi",3,0,4
"francefoc",9,0,4
"lucacorbi99",2,0,1
"alexanderplates",1,0,4
"acquerellss",1,0,1
"murossi",16,0,11
"mag230",2,0,23
"graziavitto",1,0,2
"la_cucina_di_ida",1,0,105
"lacucinasemplice",12,0,13
"valery458",3,0,1
"lokaluc",7,0,31
"hotelbacco",2,0,5
"mastropepp",33,0,77
"spaceorange",4,0,12
"july_queen_",1,0,3
"d_daariiaa",114,0,79
"kwizinz",30,0,179
"eyefromtheworld",54,0,72
"velocipedi",1,0,1
"pellegrinipatrizia",6,0,8
"annas_sweet_secrets",56,0,137
"ninoct79",4,0,7
"circuitigioielli",3,0,10
"martyrho",2,0,5
"greenfishccs",1,0,1
"vale_cannellaecioccolato",12,0,130
"andre_76mi",1,0,11
"pimpcocusmaster",3,0,5
"clarazannoni",1,0,22
"alessiasambugaro",39,0,4
"dolcely87",2,0,2
"pupette1",16,0,20
"miccopp",2,0,4
"incucinaconmarzia",8,0,133
"patwing75",12,0,102
"capanna92",1,0,14
"helocobuci",6,0,11
"giovannanails",30,0,64
"magicheatmosfere",3,0,10
"barbaramarsporru",59,0,132
"passionfood26",6,0,5
"raquel_ninot",5,0,4
"lullismile",1,0,5
"magazzinoalimentare",3,0,57
"kiaraelilly78",2,0,38
"marinaoddo",2,0,1
"arieltempesta",1,0,5
"ornyfattoincasaepiubuono",10,0,218
"lacasadiartu",6,0,221
"almabozz",4,0,57
"amaliaemme_",9,0,63
"vinces4n",3,0,2
"nicolawarbler",15,0,6
"albicocca11",1,0,3
"xtinyvesselsx",1,0,11
"coffeeandweb",1,0,3
"sognidicioccolata",2,0,285
"marinocco",2,0,15
"roscake",4,0,20
"gekio85",10,0,9
"liviasala",2,0,5
"rosyleolisy",5,0,31
"the_ghost_rider",4,0,77
"bersy_",4,0,1
"mental_shot",3,0,68
"scentedlittlepleasures",1,0,6
"ariannaricci_",1,0,8
"grazia9870",9,0,14
"stithc",16,0,8
"gianmarcoscilla",6,0,12
"dona_mea",1,0,15
"gaiacinnirella",3,0,10
"castrum_structure_",1,0,12
"euexpo2015",12,0,41
"chewtown",1,0,20
"unusualforchoice",8,0,1
"giappini",20,0,29
"bibliogirl84",1,0,2
"louisefeli_72",2,0,2
"fainatemeraria",1,0,1
"windows_of_vienna",1,0,1
"quantobastablog",13,0,48
"masseriamontepizzi",9,0,11
"silvia_nocera_gnam",21,0,29
"alenaterekhina",3,0,2
"thefoodjourney",12,0,13
"t_r_e_f_f_f_e",7,0,284
"fedy_z",8,0,8
"gloriett",1,0,91
"itsreeebe",50,0,41
"martinamapelli",1,0,48
"theitalianveganista",10,0,23
"bettydori",7,0,17
"sofia_quadranti",12,0,62
"alessiatricarico",67,0,2
"exporussia2015",2,0,35
"mariabornazzini",1,0,22
"_ritamore14_",1,0,5
"assaggiarelavitaapiccolimorsi",7,0,57
"cristinabernasconi",8,0,12
"jessikinajess7",1,0,9
"insta.andra",39,0,63
"maddy3392",1,0,3
"la_mari_prof",4,0,31
"giuliasphotography",2,0,21
"azzuchef",21,0,118
"giannacastagner",3,0,139
"pierrim55",1,0,1
"paolalc78",2,0,21
"maragliaaa",15,0,7
"tartufiefunghifortunatiantonio",2,0,2
"penny_ele",13,0,16
"irenegolino",28,0,147
"senhoramarquesa",5,0,12
"simocesari",1,0,4
"taniadietistabaroni",2,0,9
"falsaci",1,0,1
"annamaria___",22,0,5
"paolag_cupcake",1,0,16
"fede_spicaglia",7,0,15
"aboutmybakery",1,0,7
"istantan3a",4,0,8
"franc_napoli",2,0,15
"dolci_ricami_campus_francesca",2,0,1
"iomentalista",5,0,7
"cucinaconrache",9,0,49
"diavoletto74",5,0,41
"danielacice",2,0,17
"dibenedettoalessia",38,0,33
"alekone",6,0,14
"monique_s_2209",2,0,7
"marinstalli69",2,0,16
"chiaraschatzy",1,0,3
"gavizza",29,0,55
"centro_studi_casnati",2,0,1
"lety_lety88",8,0,70
"olyinthesky",1,0,21
"ferracutisilvia",2,0,2
"francidemarzo",12,0,4
"danielac1980",3,0,158
"dulcispasticceria",5,0,16
"davidefranci",1,0,22
"ilvale79",1,0,41
"chiara.basile",10,0,49
"chiaracakes",9,0,3
"run4food.italia",1,0,26
"guardatrice",11,0,8
"giluis74",2,0,69
"dolcemiagioia",1,0,2
"mr.gusto",1,0,131
"lalentina",6,0,18
"latte_sole",1,0,12
"il_giardino_di_rebecca",1,0,4
"ariassi",1,0,13
"cescafra13",1,0,2
"tilvia65",8,0,31
"obokiki",3,0,20
"francesca_bass",3,0,69
"homerjromeo",2,0,4
"valezani",3,0,171
"eugeniocalva",3,0,4
"latavernadegliarna",2,0,58
"ambrafranz",8,0,4
"villarirosa",8,0,26
"lilliele",4,0,1
"thebluebirdkitchen",30,0,98
"ecobioshopping",11,0,484
"ste_dess",1,0,44
"eat4wellness",2,0,6
"tortelliniandco",9,0,163
"alesbt",8,0,43
"kristinaneral",87,0,91
"giusyrosta",3,0,12
"swegav",5,0,1
"manubu88",27,0,253
"lallaleonardi",2,0,4
"scaniatheking87",1,0,3
"paul_carl_",1,0,0
"carapigna_grazianopranteddu",1,0,0
"chiarabelzebu",1,0,0
"giusy___d",1,0,0
"riccardopisani_istagram",1,0,0
"hotelmamma_net",2,0,0
"thgandol",2,0,0
"f_flamy",1,0,0
"studionettare",2,0,0
"psozzan",1,0,0
"delattosato",6,0,0
"maria.chiara.b",2,0,0
"purplelovecountry",10,0,0
"gre_mi8",3,0,0
"ylee23",1,0,0
"mariasartore",5,0,0
"veruskaspadola",2,0,0
"antipacini",1,0,0
"nicolagiottomorra",1,0,0
"ulrikeschmid",2,0,0
"guialupoli",11,0,0
"jlenia_semplicementevegan",20,12,31
"silvanofoodmktg",2,0,0
"cinigroupfoodandrink",14,0,0
"ilariaceriani",2,0,0
"_ale578_",2,0,0
"goghi.d",1,0,0
"leooo_94",2,0,0
"francesca_per_hotelalcervo",2,0,0
"lredmoon",1,0,0
"5_liberus_5",11,0,0
"mirabellohotel_fieradiprimiero",4,0,0
"antonio_mele78",1,0,0
"_lafarfalla",1,0,0
"jewelsinferment",1,0,0
"lullipeda",2,0,0
"vestimi_congusto",1,0,0
"linadago26",5,0,0
"docjessica",9,0,0
"micaela_dep",2,0,0
"albergo_ristorante_miranda",1,0,0
"biabri007",2,0,0
"fabriziadanna",1,0,0
"silvia_bazz",2,0,0
"themrdepa",1,0,0
"lupinost",1,0,0
"frittomisto.cucinaedemozioni",42,1,94
"cucina_e_dintorni_con_teresa",15,2,8
"rossella_santeramo",19,0,0
"anirbas02",1,0,0
"ely3k",2,0,0
"giusyballistreri",1,0,0
"velavevoroma",3,0,0
"deldyg",2,0,0
"mina_sacco",1,0,0
"b3tt4_",4,0,0
"marino.zilla.fb",10,0,0
"giadagarroni",1,0,0
"francescafra93",3,0,0
"francesca_marina2",2,0,0
"alex_tarsi",1,0,0
"bibi_vs",2,0,0
"elejour",3,0,0
"theluxuriousenthusiast",1,0,0
"claudiatulli30",4,0,0
"jane_rrr",4,0,0
"beatricecalomeni",2,0,0
"xice",1,0,0
"ralpham57",1,0,0
"dietistadelmiglio",1,0,0
"ileana.nicoletta.marson",2,0,0
"bigiuzz76",1,0,0
"simonettaeffe",1,0,0
"bon.international",1,0,0
"topha1986",1,0,0
"dewi_wihardja",4,0,0
"quanta4expo",1,0,0
"luca_m4",1,0,0
"silvanofood",1,0,0
"apbertolini",9,0,0
"divinale",1,0,0
"ros_porpora",1,0,0
"lillisassano",1,0,0
"leraviv",1,0,0
"ouicheritreviso",1,0,0
"alisss15",3,0,0
"_marcrew",1,0,0
"denaisainlove",14,0,0
"pauluccio",1,0,0
"angelos_92",9,0,0
"sanclementecremabnb",1,0,0
"zolletta",3,0,0
"blossomzine",3,0,0
"reinitag",1,0,0
"sartoriadeisapori",29,0,0
"gianlucafabrizio",1,0,0
"camillatognelli",6,0,0
"gaia2992",1,0,0
"milkshooter",2,0,0
"jewelsofthealps",2,0,0
"chiaracreamy",2,0,0
"eppyt",6,0,0
"angelaromanogela",1,0,0
"teredipa",3,0,0
"linda_m3d",14,0,0
"ciurisi",1,0,0
"laurelevans",1,0,0
"giampieroferrante",2,0,0
"gep991",41,0,0
"palomagomessss",3,0,0
"giodeja",2,0,0
"ph_angelo_raffaele",2,0,0
"mirr_i",2,0,0
"marta_bozzoni",1,0,0
"molinarimartina",1,0,0
"vicostreetmilano",42,0,0
"alessiaaldini",2,0,0
"grandinehc",1,0,0
"4a_lagrangia",1,0,0
"ambicyosa",35,0,0
"sabrysaam",9,0,0
"alessiothewolf",2,0,0
"danielum",6,0,0
"elena_matteucci",6,0,0
"bibbi_re",1,0,0
"bajajn23",1,0,0
"bc_vale",10,0,0
"do_mora",1,0,0
"dressedtokill78",63,0,0
"redbullcharlottina",2,0,0
"0cchi0distratt0",1,0,0
"giulia_dira",1,0,0
"ve__ru",8,0,0
"ciccisbeanumberone",1,0,0
"nutrishowcooking",1,0,0
"roxygen_",2,0,0
"dgr_m",2,0,0
"catera_pgm",13,0,0
"elixc",1,0,0
"elisalongo_",5,0,0
"missgreta27",1,0,0
"ideeintavola",1,0,0
"robertamarelli",1,0,0
"giorgiosyr",1,0,0
"chef_jay95",1,0,0
"erbi_",2,0,0
"petit_brioche",2,0,0
"infrigoho",5,0,0
"thieleannick",1,0,0
"silviac_ilcassettodellericette",25,16,178
"gianzo0891",1,0,0
"ilariafilippelli",1,0,0
